Name,Platform,Followers,Engagement,Niche,Email,Profile URL,Content Theme,Status,Audit Reason
Technical Guruji,YouTube,23700000,1.5%,Technology,Not Found,https://www.youtube.com/@TechnicalGuruji,Tech,FAILED,"Subscribers/Followers (23,700,000) exceeds micro-influencer ceiling of 100,000 (Macro tier) | Engagement rate (1.5%) is below minimum healthy baseline of 2.0% | Content relevance: No verified tech / software developer keywords found in recent content or bio"
Mrwhosetheboss,YouTube,23000000,1.5%,Technology,Not Found,https://www.youtube.com/@Mrwhosetheboss,Tech,FAILED,"Subscribers/Followers (23,000,000) exceeds micro-influencer ceiling of 100,000 (Macro tier) | Engagement rate (1.5%) is below minimum healthy baseline of 2.0%"
Technology Gyan,YouTube,16100000,1.5%,Technology,business@technologygyan.in,https://www.youtube.com/@TechnologyGyan,Tech,FAILED,"Subscribers/Followers (16,100,000) exceeds micro-influencer ceiling of 100,000 (Macro tier) | Engagement rate (1.5%) is below minimum healthy baseline of 2.0%"
Trakin Tech,YouTube,15600000,1.5%,Technology,Not Found,https://www.youtube.com/@TrakinTech,Tech,FAILED,"Subscribers/Followers (15,600,000) exceeds micro-influencer ceiling of 100,000 (Macro tier) | Engagement rate (1.5%) is below minimum healthy baseline of 2.0%"
Tech Burner,YouTube,12500000,1.5%,Technology,Not Found,https://www.youtube.com/@TechBurner,Tech,FAILED,"Subscribers/Followers (12,500,000) exceeds micro-influencer ceiling of 100,000 (Macro tier) | Engagement rate (1.5%) is below minimum healthy baseline of 2.0% | Content relevance: No verified tech / software developer keywords found in recent content or bio"
freeCodeCamp.org,YouTube,11900000,1.5%,Technology,Not Found,https://www.youtube.com/@freecodecamp,Python,FAILED,"Subscribers/Followers (11,900,000) exceeds micro-influencer ceiling of 100,000 (Macro tier) | Engagement rate (1.5%) is below minimum healthy baseline of 2.0%"
CodeWithHarry,YouTube,9990000,1.5%,Technology,harry@codewithharry.com,https://www.youtube.com/@CodeWithHarry,Python,FAILED,"Subscribers/Followers (9,990,000) exceeds micro-influencer ceiling of 100,000 (Macro tier) | Engagement rate (1.5%) is below minimum healthy baseline of 2.0%"
Apna College,YouTube,7940000,1.5%,Technology,partnerships@apnacollege.in,https://www.youtube.com/@ApnaCollegeOfficial,Python,FAILED,"Subscribers/Followers (7,940,000) exceeds micro-influencer ceiling of 100,000 (Macro tier) | Engagement rate (1.5%) is below minimum healthy baseline of 2.0%"
Tech Boss,YouTube,5280000,1.5%,Technology,techboss@adadacreators.com,https://www.youtube.com/@TechBossIndia,Tech,FAILED,"Subscribers/Followers (5,280,000) exceeds micro-influencer ceiling of 100,000 (Macro tier) | Engagement rate (1.5%) is below minimum healthy baseline of 2.0% | Content relevance: No verified tech / software developer keywords found in recent content or bio"
Programming with Mosh,YouTube,5170000,1.5%,Technology,partners@codewithmosh.com,https://www.youtube.com/@programmingwithmosh,Python,FAILED,"Subscribers/Followers (5,170,000) exceeds micro-influencer ceiling of 100,000 (Macro tier) | Engagement rate (1.5%) is below minimum healthy baseline of 2.0%"
Rivaan Ranawat,YouTube,4694127,18.0%,Technology,Not Found,https://www.youtube.com/@RivaanRanawat,Flutter mobile developer,FAILED,"Subscribers/Followers (4,694,127) exceeds micro-influencer ceiling of 100,000 (Macro tier)"
Gyan Therapy,YouTube,4230000,1.5%,Technology,gyantherapyindia@gmail.com,https://www.youtube.com/@GyanTherapy,Tech,FAILED,"Subscribers/Followers (4,230,000) exceeds micro-influencer ceiling of 100,000 (Macro tier) | Engagement rate (1.5%) is below minimum healthy baseline of 2.0% | Content relevance: No verified tech / software developer keywords found in recent content or bio"
Mitch Koko,YouTube,3958247,18.0%,Technology,Not Found,https://www.youtube.com/@createdbykoko,Flutter mobile developer,FAILED,"Subscribers/Followers (3,958,247) exceeds micro-influencer ceiling of 100,000 (Macro tier)"
Bro Code,YouTube,3410000,1.5%,Technology,Not Found,https://www.youtube.com/@BroCodez,Python,FAILED,"Subscribers/Followers (3,410,000) exceeds micro-influencer ceiling of 100,000 (Macro tier) | Engagement rate (1.5%) is below minimum healthy baseline of 2.0%"
Dev Branch,YouTube,2567940,18.0%,Technology,Not Found,https://www.youtube.com/@devbranchdev,Flutter mobile developer,FAILED,"Subscribers/Followers (2,567,940) exceeds micro-influencer ceiling of 100,000 (Macro tier)"
David Bombal,YouTube,2450000,3.9%,Technology,david@bombal.com,https://www.youtube.com/@davidbombal,"Cybersecurity, Networking, Python for Hackers, Linux",FAILED,"Subscribers/Followers (2,450,000) exceeds micro-influencer ceiling of 100,000 (Macro tier)"
Venom's Tech,YouTube,1630000,1.5%,Technology,Not Found,https://www.youtube.com/@VenomsTech,Tech,FAILED,"Subscribers/Followers (1,630,000) exceeds micro-influencer ceiling of 100,000 (Macro tier) | Engagement rate (1.5%) is below minimum healthy baseline of 2.0%"
codebasics,YouTube,1580000,1.5%,Technology,business@codebasics.io,https://www.youtube.com/@codebasics,"Langchain, AI",FAILED,"Subscribers/Followers (1,580,000) exceeds micro-influencer ceiling of 100,000 (Macro tier) | Engagement rate (1.5%) is below minimum healthy baseline of 2.0%"
Krish Naik,YouTube,1510000,1.5%,Technology,krishnaik06@gmail.com,https://www.youtube.com/@krishnaik06,"Langchain, AI",FAILED,"Subscribers/Followers (1,510,000) exceeds micro-influencer ceiling of 100,000 (Macro tier) | Engagement rate (1.5%) is below minimum healthy baseline of 2.0%"
Chai aur Code,YouTube,940000,1.5%,Technology,team@hiteshchoudhary.com,https://www.youtube.com/@chaiaurcode,Python,FAILED,"Subscribers/Followers (940,000) exceeds micro-influencer ceiling of 100,000 (Macro tier) | Engagement rate (1.5%) is below minimum healthy baseline of 2.0%"
CampusX,YouTube,737000,1.5%,Technology,support@campusx.in,https://www.youtube.com/@campusx-official,"Langchain, AI",FAILED,"Subscribers/Followers (737,000) exceeds micro-influencer ceiling of 100,000 (Macro tier) | Engagement rate (1.5%) is below minimum healthy baseline of 2.0%"
Your Average Tech Bro,YouTube,673087,18.0%,Technology,Not Found,https://www.youtube.com/@YourAverageTechBro,Flutter mobile developer,FAILED,"Subscribers/Followers (673,087) exceeds micro-influencer ceiling of 100,000 (Macro tier)"
Neat Roots,YouTube,584725,18.0%,Technology,Not Found,https://www.youtube.com/@NeatRoots,Flutter mobile developer,FAILED,"Subscribers/Followers (584,725) exceeds micro-influencer ceiling of 100,000 (Macro tier)"
Flutter,YouTube,546495,18.0%,Technology,Not Found,https://www.youtube.com/@flutterdev,Flutter mobile developer,FAILED,"Subscribers/Followers (546,495) exceeds micro-influencer ceiling of 100,000 (Macro tier)"
Data with Baraa,YouTube,497000,1.5%,Technology,Not Found,https://www.youtube.com/@DataWithBaraa,Python,FAILED,"Subscribers/Followers (497,000) exceeds micro-influencer ceiling of 100,000 (Macro tier) | Engagement rate (1.5%) is below minimum healthy baseline of 2.0%"
Indently,YouTube,367000,1.5%,Technology,Not Found,https://www.youtube.com/@Indently,Python,FAILED,"Subscribers/Followers (367,000) exceeds micro-influencer ceiling of 100,000 (Macro tier) | Engagement rate (1.5%) is below minimum healthy baseline of 2.0%"
WsCube AI & Tech School,YouTube,310835,18.0%,Technology,Not Found,https://www.youtube.com/@wscubeaiandtechschool,Flutter mobile developer,FAILED,"Subscribers/Followers (310,835) exceeds micro-influencer ceiling of 100,000 (Macro tier)"
Krish Naik Hindi,YouTube,185000,1.5%,Technology,Not Found,https://www.youtube.com/@krishnaikhindi,"Langchain, AI",FAILED,"Subscribers/Followers (185,000) exceeds micro-influencer ceiling of 100,000 (Macro tier) | Engagement rate (1.5%) is below minimum healthy baseline of 2.0%"
Ansh Lamba,YouTube,155000,1.5%,Technology,anshlambacollab@gmail.com,https://www.youtube.com/@AnshLambaJSR,"Langchain, AI",FAILED,"Subscribers/Followers (155,000) exceeds micro-influencer ceiling of 100,000 (Macro tier) | Engagement rate (1.5%) is below minimum healthy baseline of 2.0%"
Sheryians AI School,YouTube,150000,1.5%,Technology,Not Found,https://www.youtube.com/@SheryiansAI,Python,FAILED,"Subscribers/Followers (150,000) exceeds micro-influencer ceiling of 100,000 (Macro tier) | Engagement rate (1.5%) is below minimum healthy baseline of 2.0%"
DevasLife (Takuya Matsuyama),YouTube,98200,6.8%,Technology,contact@craftz.dog,https://www.youtube.com/@devaslife,"Web Development, React Native, Indie Hacking, Vim / Neovim",PASSED,"Passed all criteria: Tech niche, 98,200 followers (within 5k-100k), 6.8% engagement, recently active."
The Cyber Mentor (Heath Adams),YouTube,95000,4.9%,Technology,contact@tcm-sec.com,https://www.youtube.com/@TCMSecurityAcademy,"Cybersecurity, Ethical Hacking, OSINT, Penetration Testing",PASSED,"Passed all criteria: Tech niche, 95,000 followers (within 5k-100k), 4.9% engagement, recently active."
ArjanCodes,YouTube,92400,5.4%,Technology,info@arjancodes.com,https://www.youtube.com/@ArjanCodes,"Python, Software Architecture, Clean Code, Design Patterns",PASSED,"Passed all criteria: Tech niche, 92,400 followers (within 5k-100k), 5.4% engagement, recently active."
aiwithbrandon,YouTube,89500,1.5%,Technology,Not Found,https://www.youtube.com/@aiwithbrandon,"Langchain, AI",FAILED,Engagement rate (1.5%) is below minimum healthy baseline of 2.0%
Code With Antonio,YouTube,89200,7.3%,Technology,business@codewithantonio.com,https://www.youtube.com/@codewithantonio,"Full Stack, Next.js, Tailwind CSS, TypeScript, Prisma",PASSED,"Passed all criteria: Tech niche, 89,200 followers (within 5k-100k), 7.3% engagement, recently active."
NeuralNine,YouTube,87500,4.8%,Technology,contact@neuralnine.com,https://www.youtube.com/@NeuralNine,"Python, Machine Learning, AI Automation, Algorithms",PASSED,"Passed all criteria: Tech niche, 87,500 followers (within 5k-100k), 4.8% engagement, recently active."
DevOps Toolkit (Viktor Farcic),YouTube,86000,4.1%,Technology,viktor@farcic.com,https://www.youtube.com/@DevOpsToolkit,"Kubernetes, Crossplane, Cloud Native, DevOps",PASSED,"Passed all criteria: Tech niche, 86,000 followers (within 5k-100k), 4.1% engagement, recently active."
SuperGamer101,YouTube,85000,3.2%,Gaming,sponsor@supergamer101.com,https://www.youtube.com/@SuperGamer101,"Minecraft, FPS Games, Game Streams",FAILED,Niche mismatch: 'Gaming' does not match target category 'Technology'
Microservices Illustrated,YouTube,83400,4.9%,Technology,contact@microservicesillustrated.com,https://www.youtube.com/@MicroservicesIllustrated,"System Design, Event-Driven Architecture, Kafka, Saga Pattern",PASSED,"Passed all criteria: Tech niche, 83,400 followers (within 5k-100k), 4.9% engagement, recently active."
Stefan Mischook,YouTube,82000,1.2%,Technology,stefan@stefanmischook.com,https://www.youtube.com/@StefanMischook,"Career Advice, Web Dev History, Freelancing",FAILED,Engagement rate (1.2%) is below minimum healthy baseline of 2.0%
Linux Mastery with Dave,YouTube,78600,4.6%,Technology,dave@linuxmastery.org,https://www.youtube.com/@LinuxMasteryDave,"Linux Administration, Bash Scripting, Vim, Server Hardening",PASSED,"Passed all criteria: Tech niche, 78,600 followers (within 5k-100k), 4.6% engagement, recently active."
James Briggs,YouTube,74300,5.1%,Technology,james@aurelio.ai,https://www.youtube.com/@JamesBriggs,"Generative AI, Vector Databases, LangChain, LLMs, RAG",PASSED,"Passed all criteria: Tech niche, 74,300 followers (within 5k-100k), 5.1% engagement, recently active."
CloudArchitect Dan,YouTube,71200,4.3%,Technology,dan@cloudarchitectinsights.com,https://www.youtube.com/@CloudArchitectDan,"AWS Solutions, Well-Architected Framework, Cost Optimization",PASSED,"Passed all criteria: Tech niche, 71,200 followers (within 5k-100k), 4.3% engagement, recently active."
Prompt Engineering (Ehsan),YouTube,69400,5.9%,Technology,promptengineering.business@gmail.com,https://www.youtube.com/@PromptEngineeringChannel,"Prompt Engineering, Open Source LLMs, Ollama, Fine-Tuning",PASSED,"Passed all criteria: Tech niche, 69,400 followers (within 5k-100k), 5.9% engagement, recently active."
OpenSourcePulse,YouTube,67800,5.0%,Technology,collab@opensourcepulse.org,https://www.youtube.com/@OpenSourcePulse,"Open Source, Linux, Self-Hosting, Privacy",PASSED,"Passed all criteria: Tech niche, 67,800 followers (within 5k-100k), 5.0% engagement, recently active."
PromptLab with Leo,YouTube,63900,6.7%,Technology,leo@promptlab.ai,https://www.youtube.com/@PromptLabLeo,"AI Agents, CrewAI, LangGraph, Multi-Agent Systems",PASSED,"Passed all criteria: Tech niche, 63,900 followers (within 5k-100k), 6.7% engagement, recently active."
IndieDev Vlogs (Sam),YouTube,62000,7.4%,Technology,sam@buildinpublic.xyz,https://www.youtube.com/@SamIndieDev,"Indie Hacking, SaaS, Next.js, Supabase, Stripe",PASSED,"Passed all criteria: Tech niche, 62,000 followers (within 5k-100k), 7.4% engagement, recently active."
Maya Tech Reviews,YouTube,61400,6.0%,Technology,partnerships@mayatech.co,https://www.youtube.com/@MayaTechReviews,"Developer Hardware, Ergonomics, Keyboards, Workstations",PASSED,"Passed all criteria: Tech niche, 61,400 followers (within 5k-100k), 6.0% engagement, recently active."
AI Decoded with Priya,YouTube,58300,6.3%,Technology,priya.ai@researchhub.dev,https://www.youtube.com/@AIDecodedPriya,"LLMs, Transformers, NLP, PyTorch",PASSED,"Passed all criteria: Tech niche, 58,300 followers (within 5k-100k), 6.3% engagement, recently active."
Kubernetes Explorer,YouTube,57800,4.7%,Technology,support@k8sexplorer.dev,https://www.youtube.com/@KubernetesExplorer,"Kubernetes, Helm, K9s, Cloud Native",PASSED,"Passed all criteria: Tech niche, 57,800 followers (within 5k-100k), 4.7% engagement, recently active."
Database Internals (Dmitri),YouTube,55800,4.8%,Technology,dmitri@dbinternals.net,https://www.youtube.com/@DatabaseInternalsDmitri,"PostgreSQL, B-Trees, Write Ahead Logs, Storage Engines",PASSED,"Passed all criteria: Tech niche, 55,800 followers (within 5k-100k), 4.8% engagement, recently active."
Lucas AI Systems,YouTube,52100,5.8%,Technology,lucas@aivisionlabs.org,https://www.youtube.com/@LucasAISystems,"Computer Vision, PyTorch, Autonomous Systems, YOLOv8",PASSED,"Passed all criteria: Tech niche, 52,100 followers (within 5k-100k), 5.8% engagement, recently active."
Tariq Flutter Hub,YouTube,51900,5.2%,Technology,tariq@flutterhub.io,https://www.youtube.com/@TariqFlutterHub,"Flutter, Dart, Mobile Dev, BLoC Pattern",FAILED,Content relevance: No verified tech / software developer keywords found in recent content or bio
Hamza Coding,YouTube,49000,4.9%,Technology,hamza.dev@proton.me,https://www.youtube.com/@HamzaCoding,"Go, Microservices, gRPC, PostgreSQL",PASSED,"Passed all criteria: Tech niche, 49,000 followers (within 5k-100k), 4.9% engagement, recently active."
RustInPractice,YouTube,48300,5.4%,Technology,rustinpractice@pm.me,https://www.youtube.com/@RustInPractice,"Rust, Tokio, Networking, CLI Tools",PASSED,"Passed all criteria: Tech niche, 48,300 followers (within 5k-100k), 5.4% engagement, recently active."
Alex Golang Lab,YouTube,47200,5.1%,Technology,alex@golanglab.io,https://www.youtube.com/@AlexGolangLab,"Go, Concurrency, Goroutines, Distributed Systems",PASSED,"Passed all criteria: Tech niche, 47,200 followers (within 5k-100k), 5.1% engagement, recently active."
Nate Data Engineering,YouTube,44300,4.7%,Technology,nate@dataengineeringweekly.com,https://www.youtube.com/@NateDataEngineering,"Apache Spark, Snowflake, dbt, Data Modeling",PASSED,"Passed all criteria: Tech niche, 44,300 followers (within 5k-100k), 4.7% engagement, recently active."
Gate Smashers,YouTube,43700,1.5%,Technology,Not Found,https://www.youtube.com/@GateSmashers,"Fastapi, AI",FAILED,Engagement rate (1.5%) is below minimum healthy baseline of 2.0%
AI Engineer Diary (Marta),YouTube,43500,6.8%,Technology,marta@aiengineerdiary.dev,https://www.youtube.com/@AIEngineerDiary,"LLMOps, Evaluation, Prompt Engineering, Python",PASSED,"Passed all criteria: Tech niche, 43,500 followers (within 5k-100k), 6.8% engagement, recently active."
Cosden Solutions,YouTube,41800,7.1%,Technology,contact@cosdensolutions.com,https://www.youtube.com/@CosdenSolutions,"React, Clean Code, Design Patterns, TypeScript",PASSED,"Passed all criteria: Tech niche, 41,800 followers (within 5k-100k), 7.1% engagement, recently active."
ZeroTrust Architecture,YouTube,41200,4.3%,Technology,contact@zerotrustarch.org,https://www.youtube.com/@ZeroTrustArchitecture,"Identity Management, OAuth2, OIDC, Security",PASSED,"Passed all criteria: Tech niche, 41,200 followers (within 5k-100k), 4.3% engagement, recently active."
Karan DevOps Lab,YouTube,38700,4.6%,Technology,karan.devops@gmail.com,https://www.youtube.com/@KaranDevOpsLab,"Jenkins, GitHub Actions, AWS EKS, Terraform",PASSED,"Passed all criteria: Tech niche, 38,700 followers (within 5k-100k), 4.6% engagement, recently active."
Chloe Frontend Journey,YouTube,38400,5.5%,Technology,chloe@frontendjourney.com,https://www.youtube.com/@ChloeFrontendJourney,"CSS Architecture, Figma to Code, React, Next.js",PASSED,"Passed all criteria: Tech niche, 38,400 followers (within 5k-100k), 5.5% engagement, recently active."
Mobile Architecture with Ken,YouTube,37100,4.8%,Technology,ken@swiftarch.dev,https://www.youtube.com/@MobileArchKen,"iOS, SwiftUI, Combine, Clean Architecture",FAILED,Content relevance: No verified tech / software developer keywords found in recent content or bio
NeoVim Made Easy,YouTube,36700,6.0%,Technology,neovim.easy@gmail.com,https://www.youtube.com/@NeoVimMadeEasy,"Neovim, Lua, Productivity, Terminal Workflows",FAILED,Content relevance: No verified tech / software developer keywords found in recent content or bio
Elena Codes,YouTube,35600,6.4%,Technology,elena@elenacodes.io,https://www.youtube.com/@ElenaCodesTech,"Frontend, Vue.js, CSS Animations, UI/UX Development",PASSED,"Passed all criteria: Tech niche, 35,600 followers (within 5k-100k), 6.4% engagement, recently active."
DevSecOps Insights,YouTube,34100,4.0%,Technology,team@devsecopsinsights.org,https://www.youtube.com/@DevSecOpsInsights,"Application Security, SAST / DAST, Container Security, OWASP",PASSED,"Passed all criteria: Tech niche, 34,100 followers (within 5k-100k), 4.0% engagement, recently active."
Marcus Cloud Native,YouTube,32900,4.4%,Technology,marcus@cloudnativehq.com,https://www.youtube.com/@MarcusCloudNative,"Terraform, Google Cloud, Istio Service Mesh, DevSecOps",PASSED,"Passed all criteria: Tech niche, 32,900 followers (within 5k-100k), 4.4% engagement, recently active."
TestDriven Dev (Liam),YouTube,31500,4.5%,Technology,liam@testdrivendev.com,https://www.youtube.com/@TestDrivenDevLiam,"TDD, PyTest, Jest, Software Quality",PASSED,"Passed all criteria: Tech niche, 31,500 followers (within 5k-100k), 4.5% engagement, recently active."
Shaw Talebi,YouTube,31200,6.2%,Technology,shaw@shawtalebi.com,https://www.youtube.com/@shawnhiman,"Data Science, Math for ML, Python, Physics",PASSED,"Passed all criteria: Tech niche, 31,200 followers (within 5k-100k), 6.2% engagement, recently active."
FastAPI Master,YouTube,29600,5.3%,Technology,support@fastapimaster.dev,https://www.youtube.com/@FastAPIMaster,"FastAPI, Pydantic, SQLAlchemy, Asyncio Python",PASSED,"Passed all criteria: Tech niche, 29,600 followers (within 5k-100k), 5.3% engagement, recently active."
Hannah CyberOps,YouTube,29400,6.2%,Technology,hannah@cyberopsacademy.io,https://www.youtube.com/@HannahCyberOps,"Blue Team, SIEM, Splunk, Incident Response",PASSED,"Passed all criteria: Tech niche, 29,400 followers (within 5k-100k), 6.2% engagement, recently active."
Design Systems with Rachel,YouTube,28900,5.9%,Technology,rachel@designsystems.io,https://www.youtube.com/@DesignSystemsRachel,"Design Systems, Storybook, React, Design Tokens",PASSED,"Passed all criteria: Tech niche, 28,900 followers (within 5k-100k), 5.9% engagement, recently active."
Bapoulo DevOps,YouTube,28400,4.2%,Technology,bapoulo.devops@gmail.com,https://www.youtube.com/@BapouloDevOps,"DevOps, Kubernetes, Terraform, CI/CD, Docker",PASSED,"Passed all criteria: Tech niche, 28,400 followers (within 5k-100k), 4.2% engagement, recently active."
Matt Williams Cloud,YouTube,27300,3.7%,Technology,matt@technovangelist.com,https://www.youtube.com/@MattWilliamsCloud,"Cloud Architecture, Linux, Containers, DevOps",PASSED,"Passed all criteria: Tech niche, 27,300 followers (within 5k-100k), 3.7% engagement, recently active."
GraphQL Today,YouTube,25800,4.1%,Technology,info@graphqltoday.com,https://www.youtube.com/@GraphQLToday,"GraphQL, Apollo, Federation, TypeScript",FAILED,Content relevance: No verified tech / software developer keywords found in recent content or bio
InactiveCloudGuy,YouTube,24000,3.8%,Technology,hello@cloudguyinactive.io,https://www.youtube.com/@InactiveCloudGuy,"AWS, Serverless, Terraform",FAILED,Channel inactive: last published content was 210 days ago (exceeds 120 days)
Sophie WebDev,YouTube,23100,5.2%,Technology,sophie@webstandards.dev,https://www.youtube.com/@SophieWebDev,"Web Components, Vanilla JS, Accessibility, Performance",PASSED,"Passed all criteria: Tech niche, 23,100 followers (within 5k-100k), 5.2% engagement, recently active."
Embedded with Jason,YouTube,22400,4.1%,Technology,jason@embeddedcorner.dev,https://www.youtube.com/@EmbeddedWithJason,"Embedded C, STM32, FreeRTOS, IoT",PASSED,"Passed all criteria: Tech niche, 22,400 followers (within 5k-100k), 4.1% engagement, recently active."
SvelteCraft,YouTube,21500,5.7%,Technology,hello@sveltecraft.com,https://www.youtube.com/@SvelteCraft,"Svelte, SvelteKit, Tailwind CSS, Full Stack",PASSED,"Passed all criteria: Tech niche, 21,500 followers (within 5k-100k), 5.7% engagement, recently active."
Sara Backend Chronicles,YouTube,19800,6.1%,Technology,sara.backend@techmail.io,https://www.youtube.com/@SaraBackendChronicles,"Node.js, Express, MongoDB, System Design",PASSED,"Passed all criteria: Tech niche, 19,800 followers (within 5k-100k), 6.1% engagement, recently active."
Gabe's Coding Corner,YouTube,18900,4.5%,Technology,Not Found,https://www.youtube.com/@GabeCodingCorner,"Rust, Embedded Systems, WebAssembly, C",PASSED,"Passed all criteria: Tech niche, 18,900 followers (within 5k-100k), 4.5% engagement, recently active."
ByteSize DevOps,YouTube,16200,4.3%,Technology,bytesizedevops@outlook.com,https://www.youtube.com/@ByteSizeDevOps,"Docker, Linux Shell, Automation, Ansible",PASSED,"Passed all criteria: Tech niche, 16,200 followers (within 5k-100k), 4.3% engagement, recently active."
Pau Labarta Bajo,YouTube,14200,5.6%,Technology,pau@realworldml.net,https://www.youtube.com/@paulabartabajo,"MLOps, Feature Stores, Real-Time ML, Python, Hopsworks",PASSED,"Passed all criteria: Tech niche, 14,200 followers (within 5k-100k), 5.6% engagement, recently active."
Telusko,YouTube,6820,9.5%,Technology,Not Found,https://www.youtube.com/@Telusko,"Fastapi, Python, Web",PASSED,"Passed all criteria: Tech niche, 6,820 followers (within 5k-100k), 9.5% engagement, recently active."
Mohit Decodes,YouTube,6500,2.0%,Technology,mohitdecodes@gmail.com,https://www.youtube.com/@MohitDecodes,Fastapi,PASSED,"Passed all criteria: Tech niche, 6,500 followers (within 5k-100k), 2.0% engagement, recently active."
CryptoCoderz,YouTube,4100,1.9%,Crypto,info@cryptocoderz.net,https://www.youtube.com/@CryptoCoderz,"Solidity, Smart Contracts, Web3",FAILED,"Niche mismatch: 'Crypto' does not match target category 'Technology' | Subscribers/Followers (4,100) below micro-influencer floor of 5,000 | Engagement rate (1.9%) is below minimum healthy baseline of 2.0%"
BuggyCodeLab,YouTube,3200,2.1%,Technology,Not Found,https://www.youtube.com/@BuggyCodeLab,"C++, Game Dev, OpenGL",FAILED,"Subscribers/Followers (3,200) below micro-influencer floor of 5,000"
